{"cameraMode":{"drawMode":0,"name":"Shaded","section":"Shading Mode"},"sceneLighting":true,"audioPlay":false,"sceneViewState":{"m_AlwaysRefresh":false,"showFog":true,"showSkybox":true,"showFlares":true,"showImageEffects":true,"showParticleSystems":true,"showVisualEffectGraphs":true,"m_FxEnabled":true},"in2DMode":false,"pivot":{"x":-0.29042744636535647,"y":0.5616797208786011,"z":-0.10274219512939453},"rotation":{"x":-0.09786070138216019,"y":0.8729065656661987,"z":-0.1959410458803177,"w":-0.43596404790878298},"size":2.0018064975738527,"orthographic":false}